district,rating_score,accuracry_review,cleanliness_review,checkin_review,communication_review,location_review,value_score,number_properties
District 28715,4.867083333333334,4.90625,4.84,4.965,4.941249999999999,4.819166666666667,4.81625,24.0
District 28704,4.875454545454546,4.896181818181818,4.876909090909091,4.971090909090909,4.951272727272727,4.86909090909091,4.8067272727272705,55.0
District 28804,4.880359712230219,4.907553956834535,4.894460431654682,4.967482014388493,4.958848920863314,4.862086330935256,4.821654676258995,139.0
District 28801,4.882558139534889,4.919069767441865,4.906837209302331,4.949488372093029,4.942697674418608,4.9153023255814,4.801767441860468,215.0
District 28806,4.896622516556299,4.924735099337759,4.9144370860927244,4.966821192052991,4.955662251655643,4.8775165562914,4.844503311258279,302.0
District 28803,4.904705882352943,4.932176470588239,4.899235294117653,4.969941176470596,4.956235294117653,4.893352941176469,4.845588235294116,170.0
District 28732,4.909583333333333,4.9375,4.877916666666666,4.979583333333333,4.95625,4.890000000000001,4.874583333333334,24.0
District 28805,4.923434343434344,4.943636363636364,4.929292929292931,4.969494949494951,4.959191919191922,4.923939393939395,4.86939393939394,99.0
